Year,Inflation Factor
2000,1.88194
2001,1.81423
2002,1.79374
2003,1.74833
2004,1.71529
2005,1.66582
2006,1.60197
2007,1.5694
2008,1.50498
2009,1.50453
2010,1.46604
2011,1.4425
2012,1.4015
2013,1.3795
2014,1.35806
2015,1.35927
2016,1.34086
2017,1.30815
2018,1.28162
2019,1.26204
2020,1.23142
2021,1.21442
2022,1.12991
2023,1.06184
2024,1.03
2025,1